ID,Section,Requirement Statement,Type,Priority,Verification Methods (from SRS),Primary Method (select),Acceptance Criteria,Agent Procedure (step-by-step),Evidence to Collect,Owner/Role,Phase/Gate,Status,Date Last Updated,Test Case ID / Link,Upstream Trace,Downstream Trace,Notes,Rationale,Risk,Assumptions,Constraints,Version & Change Notes,Verification Detail,Verification Level
OLLAMA-AGENT-001,10.1 Ollama Executor Agent Definition,The ollama-executor custom agent SHALL be defined at ADR-2025-022-ollama-executor-custom-agent.md; .github/agents/ollama-executor.agent.md and contain a valid name and description in the YAML frontmatter.,Interface,High,"Inspection, Test",Inspection,Agent file exists at ADR-2025-022-ollama-executor-custom-agent.md; .github/agents/ollama-executor.agent.md with valid YAML frontmatter containing name and description fields.,Open ADR-2025-022-ollama-executor-custom-agent.md; .github/agents/ollama-executor.agent.md and verify the frontmatter contains name: ollama-executor and a non-empty description.,Agent file content showing YAML frontmatter with name and description fields.,Automation QA (Agent),CI Integration,Completed,2025-12-03,scripts/ollama-executor/Test-SmokeTest.ps1,ADR-2025-022-ollama-executor-custom-agent.md; .github/agents/ollama-executor.agent.md,Drive-Ollama-Executor.ps1; Run-Locked-*.ps1 scripts,Agent frontmatter defines the custom agent identity for GitHub Copilot.,Provides machine-readable agent identity for integration with GitHub Copilot.,Risk: missing/malformed frontmatter breaks agent activation; mitigated by inspection.,Assumes GitHub custom agents format per https://gh.io/customagents/config.,.agent.md extension required; name SHALL match intended agent identifier.,1 | hash=agent-def-001 | Baseline 2025-12-03,Inspection: verify ADR-2025-022-ollama-executor-custom-agent.md; .github/agents/ollama-executor.agent.md exists with valid YAML frontmatter.,System
OLLAMA-AGENT-002,10.1 Ollama Executor Agent Definition,The ollama-executor agent SHALL document capabilities for source distribution builds including LabVIEW version and bitness parameters.,Functional/Performance,High,Inspection,Inspection,Agent documentation includes Run-Locked-SourceDistribution.ps1 usage with -LabVIEWVersion and -Bitness parameters.,Review agent markdown for source distribution build section showing complete command syntax with version and bitness options.,Agent markdown excerpt showing source distribution command examples.,Automation QA (Agent),CI Integration,Completed,2025-12-03,ADR-2025-022-ollama-executor-custom-agent.md; .github/agents/ollama-executor.agent.md,ADR-2025-022-ollama-executor-custom-agent.md; .github/agents/ollama-executor.agent.md,scripts/ollama-executor/Run-Locked-SourceDistribution.ps1,Documents agent capability to drive source distribution builds for multiple LabVIEW targets.,Enables users to invoke source distribution builds via the agent.,Risk: incomplete documentation leads to incorrect usage; mitigated by inspection.,Assumes Run-Locked-SourceDistribution.ps1 exists with documented parameters.,Commands SHALL use pwsh -NoProfile -File scripts/... pattern.,1 | hash=agent-sd-002 | Baseline 2025-12-03,Inspection: verify agent documents Run-Locked-SourceDistribution.ps1 with version/bitness params.,System
OLLAMA-AGENT-003,10.1 Ollama Executor Agent Definition,The ollama-executor agent SHALL document capabilities for package builds via the locked executor.,Functional/Performance,High,Inspection,Inspection,Agent documentation includes Run-Locked-PackageBuild.ps1 usage with complete command syntax.,Review agent markdown for package build section showing complete command syntax.,Agent markdown excerpt showing package build command examples.,Automation QA (Agent),CI Integration,Completed,2025-12-03,ADR-2025-022-ollama-executor-custom-agent.md; .github/agents/ollama-executor.agent.md,ADR-2025-022-ollama-executor-custom-agent.md; .github/agents/ollama-executor.agent.md,scripts/ollama-executor/Run-Locked-PackageBuild.ps1,Documents agent capability to drive VI Package builds.,Enables users to invoke package builds via the agent.,Risk: incomplete documentation leads to incorrect usage; mitigated by inspection.,Assumes Run-Locked-PackageBuild.ps1 exists with documented parameters.,Commands SHALL use pwsh -NoProfile -File scripts/... pattern.,1 | hash=agent-pkg-003 | Baseline 2025-12-03,Inspection: verify agent documents Run-Locked-PackageBuild.ps1 with endpoint/model params.,System
OLLAMA-AGENT-004,10.1 Ollama Executor Agent Definition,The ollama-executor agent SHALL document capabilities for the local SD to PPL pipeline orchestration.,Functional/Performance,High,Inspection,Inspection,Agent documentation includes Run-Locked-LocalSdPpl.ps1 usage with complete command syntax.,Review agent markdown for local SD-PPL section showing complete command syntax.,Agent markdown excerpt showing local SD-PPL command examples.,Automation QA (Agent),CI Integration,Completed,2025-12-03,ADR-2025-022-ollama-executor-custom-agent.md; .github/agents/ollama-executor.agent.md,ADR-2025-022-ollama-executor-custom-agent.md; .github/agents/ollama-executor.agent.md,scripts/ollama-executor/Run-Locked-LocalSdPpl.ps1,Documents agent capability to orchestrate SD to PPL pipeline.,Enables users to invoke the full SD-PPL flow via the agent.,Risk: incomplete documentation leads to incorrect usage; mitigated by inspection.,Assumes Run-Locked-LocalSdPpl.ps1 exists with documented parameters.,Commands SHALL use pwsh -NoProfile -File scripts/... pattern.,1 | hash=agent-ppl-004 | Baseline 2025-12-03,Inspection: verify agent documents Run-Locked-LocalSdPpl.ps1 with timeout params.,System
OLLAMA-AGENT-005,10.1 Ollama Executor Agent Definition,The ollama-executor agent SHALL document capabilities for driving the full Ollama host orchestration workflow.,Functional/Performance,High,Inspection,Inspection,Agent documentation includes Run-Ollama-Host.ps1 usage with runKey and lock TTL parameters.,Review agent markdown for host orchestration section showing complete command syntax.,Agent markdown excerpt showing host orchestration command examples.,Automation QA (Agent),CI Integration,Completed,2025-12-03,ADR-2025-022-ollama-executor-custom-agent.md; .github/agents/ollama-executor.agent.md,ADR-2025-022-ollama-executor-custom-agent.md; .github/agents/ollama-executor.agent.md,scripts/orchestration/Run-Ollama-Host.ps1,Documents agent capability to drive host orchestration workflow.,Enables users to invoke host orchestration via the agent.,Risk: incomplete documentation leads to incorrect usage; mitigated by inspection.,Assumes Run-Ollama-Host.ps1 exists with documented parameters.,Commands SHALL use pwsh -NoProfile -File scripts/... pattern.,1 | hash=agent-host-005 | Baseline 2025-12-03,Inspection: verify agent documents Run-Ollama-Host.ps1 with runKey/TTL params.,System
OLLAMA-AGENT-006,10.1 Ollama Executor Agent Definition,The ollama-executor agent SHALL document smoke test capabilities to validate Ollama connectivity.,Functional/Performance,Medium,Inspection,Inspection,Agent documentation includes smoke test usage with -SmokeOnly switch.,Review agent markdown for smoke test section showing -SmokeOnly switch usage.,Agent markdown excerpt showing smoke test command examples.,Automation QA (Agent),CI Integration,Completed,2025-12-03,ADR-2025-022-ollama-executor-custom-agent.md; .github/agents/ollama-executor.agent.md,ADR-2025-022-ollama-executor-custom-agent.md; .github/agents/ollama-executor.agent.md,scripts/orchestration/Run-Ollama-Host.ps1 -SmokeOnly,Documents agent capability to run connectivity smoke tests.,Enables quick validation of Ollama availability without full builds.,Risk: users attempt full builds without connectivity; mitigated by smoke test documentation.,Assumes Run-Ollama-Host.ps1 supports -SmokeOnly switch.,Smoke tests SHALL complete within 300 seconds timeout.,1 | hash=agent-smoke-006 | Baseline 2025-12-03,Inspection: verify agent documents -SmokeOnly smoke test mode.,System
OLLAMA-AGENT-007,10.1 Ollama Executor Agent Definition,The ollama-executor agent SHALL document test suite capabilities for command vetting and security fuzzing.,Functional/Performance,High,Inspection,Inspection,Agent documentation includes Test-CommandVetting.ps1 and Test-SecurityFuzzing.ps1 usage.,Review agent markdown for testing section showing test script commands.,Agent markdown excerpt showing test command examples.,Automation QA (Agent),CI Integration,Completed,2025-12-03,ADR-2025-022-ollama-executor-custom-agent.md; .github/agents/ollama-executor.agent.md,ADR-2025-022-ollama-executor-custom-agent.md; .github/agents/ollama-executor.agent.md,scripts/ollama-executor/Test-*.ps1,Documents agent capability to run security and vetting tests.,Enables users to validate executor security before use.,Risk: untested security changes reach production; mitigated by test documentation.,Assumes test scripts exist and are executable.,Tests SHALL run without Ollama server connection.,1 | hash=agent-test-007 | Baseline 2025-12-03,Inspection: verify agent documents Test-CommandVetting.ps1 and Test-SecurityFuzzing.ps1.,System
OLLAMA-AGENT-008,10.2 Ollama Executor Environment Configuration,The ollama-executor agent SHALL document environment variables for simulation mode including OLLAMA_EXECUTOR_MODE and OLLAMA_SIM_* variables.,Interface,High,Inspection,Inspection,Agent documentation includes all simulation environment variables with descriptions.,Review agent markdown for environment section listing OLLAMA_EXECUTOR_MODE=sim and related variables.,Agent markdown excerpt showing environment variable documentation.,Automation QA (Agent),CI Integration,Completed,2025-12-03,ADR-2025-022-ollama-executor-custom-agent.md; .github/agents/ollama-executor.agent.md,ADR-2025-022-ollama-executor-custom-agent.md; .github/agents/ollama-executor.agent.md,Drive-Ollama-Executor.ps1 simulation mode,Documents simulation mode for CI/testing without LabVIEW.,Enables testing and CI runs without real LabVIEW installation.,Risk: simulation mode used in production accidentally; mitigated by explicit env requirement.,Assumes simulation mode is triggered only by OLLAMA_EXECUTOR_MODE=sim.,Simulation mode SHALL NOT invoke real LabVIEW processes.,1 | hash=agent-env-008 | Baseline 2025-12-03,Inspection: verify agent documents OLLAMA_EXECUTOR_MODE and OLLAMA_SIM_* variables.,System
OLLAMA-AGENT-009,10.2 Ollama Executor Environment Configuration,The ollama-executor agent SHALL document port configuration distinguishing real server (11435) from mock server (11436) usage.,Interface,High,Inspection,Inspection,Agent documentation includes port configuration section explaining 11435 for real server and 11436 for mock/testing.,Review agent markdown for port configuration section.,Agent markdown excerpt showing port configuration documentation.,Automation QA (Agent),CI Integration,Completed,2025-12-03,ADR-2025-022-ollama-executor-custom-agent.md; .github/agents/ollama-executor.agent.md,ADR-2025-022-ollama-executor-custom-agent.md; .github/agents/ollama-executor.agent.md,MockOllamaServer.ps1; check-ollama-endpoint.ps1,Documents port separation to avoid conflicts between real and mock servers.,Prevents port conflicts during testing and production use.,Risk: port conflicts cause test/production failures; mitigated by clear documentation.,Assumes real Ollama uses 11435; mock uses 11436.,Port numbers SHALL NOT overlap between real and mock servers.,1 | hash=agent-port-009 | Baseline 2025-12-03,Inspection: verify agent documents port 11435 for real and 11436 for mock server.,System
OLLAMA-AGENT-010,10.3 Ollama Executor Security Guardrails,The ollama-executor agent SHALL document security guardrails including allowlist-only command execution.,Quality (non-functional),High,Inspection,Inspection,Agent documentation includes security guardrails section with allowlist enforcement description.,Review agent markdown for security section describing allowlist-only execution.,Agent markdown excerpt showing allowlist documentation.,Automation QA (Agent),CI Integration,Completed,2025-12-03,ADR-2025-022-ollama-executor-custom-agent.md; .github/agents/ollama-executor.agent.md,ADR-2025-022-ollama-executor-custom-agent.md; .github/agents/ollama-executor.agent.md,Drive-Ollama-Executor.ps1 Test-CommandAllowed function,Documents allowlist security model for command execution.,Prevents arbitrary command execution by LLM-driven workflows.,Risk: command injection if allowlist bypassed; mitigated by strict pattern matching.,Assumes allowlist is enforced at runtime by Test-CommandAllowed.,Only pwsh -NoProfile -File scripts/...ps1 patterns allowed.,1 | hash=agent-sec-010 | Baseline 2025-12-03,Inspection: verify agent documents allowlist-only command execution.,System
OLLAMA-AGENT-011,10.3 Ollama Executor Security Guardrails,The ollama-executor agent SHALL document path traversal prevention (../ patterns rejected).,Quality (non-functional),High,"Inspection, Test",Test,Agent documentation includes path traversal prevention with test validation showing ../ rejection. Test suite includes path traversal test cases that pass.,Review agent markdown for path traversal section; run Test-CommandVetting.ps1 to confirm ../ rejection.,Agent markdown excerpt plus test output showing path traversal rejection.,Automation QA (Agent),CI Integration,Completed,2025-12-03,ADR-2025-022-ollama-executor-custom-agent.md; .github/agents/ollama-executor.agent.md; scripts/ollama-executor/Test-CommandVetting.ps1,ADR-2025-022-ollama-executor-custom-agent.md; .github/agents/ollama-executor.agent.md,Drive-Ollama-Executor.ps1 Test-CommandAllowed function,Documents path traversal protection.,Prevents directory escape attacks via command parameters.,Risk: path traversal allows file system access outside repo; mitigated by pattern rejection.,Assumes ../ pattern detection is implemented in Test-CommandAllowed.,Regex patterns SHALL catch both ../ and ..\\ variants.,1 | hash=agent-path-011 | Baseline 2025-12-03,Inspection + Test: verify agent documents path traversal prevention and test suite validates it.,System
OLLAMA-AGENT-012,10.3 Ollama Executor Security Guardrails,The ollama-executor agent SHALL document command chaining prevention (semicolons and pipes rejected).,Quality (non-functional),High,"Inspection, Test",Test,Agent documentation includes command chaining prevention with test validation showing ; and | rejection. Test suite includes chaining test cases that pass.,Review agent markdown for command chaining section; run Test-CommandVetting.ps1 to confirm rejection.,Agent markdown excerpt plus test output showing command chaining rejection.,Automation QA (Agent),CI Integration,Completed,2025-12-03,ADR-2025-022-ollama-executor-custom-agent.md; .github/agents/ollama-executor.agent.md; scripts/ollama-executor/Test-CommandVetting.ps1,ADR-2025-022-ollama-executor-custom-agent.md; .github/agents/ollama-executor.agent.md,Drive-Ollama-Executor.ps1 Test-CommandAllowed function,Documents command chaining protection.,Prevents command injection via chaining operators.,Risk: command chaining allows arbitrary code execution; mitigated by character rejection.,Assumes chaining character detection is implemented in Test-CommandAllowed.,Pattern SHALL detect semicolon and pipe characters plus backticks.,1 | hash=agent-chain-012 | Baseline 2025-12-03,Inspection + Test: verify agent documents command chaining prevention and test suite validates it.,System
OLLAMA-AGENT-013,10.3 Ollama Executor Security Guardrails,The ollama-executor agent SHALL document network tool blocking (wget/curl/nc rejected).,Quality (non-functional),High,"Inspection, Test",Test,Agent documentation includes network tool blocking with test validation showing wget/curl rejection. Test suite includes network tool test cases that pass.,Review agent markdown for network tools section; run Test-CommandVetting.ps1 to confirm rejection.,Agent markdown excerpt plus test output showing network tool rejection.,Automation QA (Agent),CI Integration,Completed,2025-12-03,ADR-2025-022-ollama-executor-custom-agent.md; .github/agents/ollama-executor.agent.md; scripts/ollama-executor/Test-CommandVetting.ps1,ADR-2025-022-ollama-executor-custom-agent.md; .github/agents/ollama-executor.agent.md,Drive-Ollama-Executor.ps1 Test-CommandAllowed function,Documents network tool blocking.,Prevents data exfiltration via network commands.,Risk: network tools enable data exfiltration; mitigated by tool name blocking.,Assumes forbidden token list includes network tool names.,Pattern SHALL include wget/curl/nc/telnet/Invoke-WebRequest.,1 | hash=agent-net-013 | Baseline 2025-12-03,Inspection + Test: verify agent documents network tool blocking and test suite validates it.,System
OLLAMA-AGENT-014,10.3 Ollama Executor Security Guardrails,The ollama-executor agent SHALL document privilege escalation prevention (sudo/runas rejected).,Quality (non-functional),High,"Inspection, Test",Test,Agent documentation includes privilege escalation prevention with test validation showing sudo/runas rejection. Test suite includes privilege test cases that pass.,Review agent markdown for privilege escalation section; run Test-CommandVetting.ps1 to confirm rejection.,Agent markdown excerpt plus test output showing privilege escalation rejection.,Automation QA (Agent),CI Integration,Completed,2025-12-03,ADR-2025-022-ollama-executor-custom-agent.md; .github/agents/ollama-executor.agent.md; scripts/ollama-executor/Test-CommandVetting.ps1,ADR-2025-022-ollama-executor-custom-agent.md; .github/agents/ollama-executor.agent.md,Drive-Ollama-Executor.ps1 Test-CommandAllowed function,Documents privilege escalation protection.,Prevents elevation of privileges via command parameters.,Risk: privilege escalation compromises host security; mitigated by keyword blocking.,Assumes forbidden token list includes privilege elevation commands.,Pattern SHALL include sudo/runas/ExecutionPolicy Bypass.,1 | hash=agent-priv-014 | Baseline 2025-12-03,Inspection + Test: verify agent documents privilege escalation prevention and test suite validates it.,System
OLLAMA-AGENT-015,10.3 Ollama Executor Security Guardrails,The ollama-executor agent SHALL document timeout enforcement for commands with configurable CommandTimeoutSec.,Quality (non-functional),High,Inspection,Inspection,Agent documentation includes timeout enforcement with CommandTimeoutSec parameter description.,Review agent markdown for timeout section describing configurable timeout.,Agent markdown excerpt showing timeout configuration documentation.,Automation QA (Agent),CI Integration,Completed,2025-12-03,ADR-2025-022-ollama-executor-custom-agent.md; .github/agents/ollama-executor.agent.md,ADR-2025-022-ollama-executor-custom-agent.md; .github/agents/ollama-executor.agent.md,Drive-Ollama-Executor.ps1 -CommandTimeoutSec parameter,Documents command timeout protection.,Prevents hung commands from blocking workflow indefinitely.,Risk: hung commands block builds; mitigated by configurable timeout.,Assumes timeout enforcement is implemented in executor.,Default timeout SHALL be reasonable (e.g. 600s) for build operations.,1 | hash=agent-timeout-015 | Baseline 2025-12-03,Inspection: verify agent documents CommandTimeoutSec timeout enforcement.,System
OLLAMA-AGENT-016,10.4 Ollama Executor Workflow Guidelines,The ollama-executor agent SHALL document workflow guidelines for verifying prerequisites before execution.,Process,Medium,Inspection,Inspection,Agent documentation includes workflow guidelines section with prerequisite verification steps.,Review agent markdown for workflow guidelines with prereq verification.,Agent markdown excerpt showing prerequisite verification steps.,Automation QA (Agent),CI Integration,Completed,2025-12-03,ADR-2025-022-ollama-executor-custom-agent.md; .github/agents/ollama-executor.agent.md,ADR-2025-022-ollama-executor-custom-agent.md; .github/agents/ollama-executor.agent.md,check-ollama-endpoint.ps1,Documents prerequisite verification workflow.,Prevents execution failures due to missing dependencies.,Risk: builds fail due to missing prereqs; mitigated by verification steps.,Assumes check-ollama-endpoint.ps1 can validate Ollama availability.,Prereq checks SHALL complete before build execution.,1 | hash=agent-prereq-016 | Baseline 2025-12-03,Inspection: verify agent documents prerequisite verification steps.,System
OLLAMA-AGENT-017,10.4 Ollama Executor Workflow Guidelines,The ollama-executor agent SHALL document mode selection guidance for simulation vs real execution.,Process,Medium,Inspection,Inspection,Agent documentation includes mode selection guidance describing when to use simulation vs real mode.,Review agent markdown for mode selection guidance section.,Agent markdown excerpt showing mode selection guidance.,Automation QA (Agent),CI Integration,Completed,2025-12-03,ADR-2025-022-ollama-executor-custom-agent.md; .github/agents/ollama-executor.agent.md,ADR-2025-022-ollama-executor-custom-agent.md; .github/agents/ollama-executor.agent.md,OLLAMA_EXECUTOR_MODE environment variable,Documents mode selection for different use cases.,Helps users choose correct mode for their context.,Risk: wrong mode causes build failures or unintended actions; mitigated by clear guidance.,Assumes simulation mode works without LabVIEW installation.,Real mode requires Windows runner with LabVIEW installed.,1 | hash=agent-mode-017 | Baseline 2025-12-03,Inspection: verify agent documents simulation vs real mode selection.,System
OLLAMA-AGENT-018,10.4 Ollama Executor Workflow Guidelines,The ollama-executor agent SHALL document failure handling procedures including log locations for diagnostics.,Process,Medium,Inspection,Inspection,Agent documentation includes failure handling section with log file locations.,Review agent markdown for failure handling with log path references.,Agent markdown excerpt showing failure handling and log paths.,Automation QA (Agent),CI Integration,Completed,2025-12-03,ADR-2025-022-ollama-executor-custom-agent.md; .github/agents/ollama-executor.agent.md,ADR-2025-022-ollama-executor-custom-agent.md; .github/agents/ollama-executor.agent.md,reports/logs/ollama-host-*.fail.json,Documents failure handling for troubleshooting.,Enables users to diagnose and resolve execution failures.,Risk: failures go undiagnosed; mitigated by log location documentation.,Assumes logs are written under reports/logs/ directory.,Fail files SHALL include detection_point and error fields.,1 | hash=agent-fail-018 | Baseline 2025-12-03,Inspection: verify agent documents failure handling and log locations.,System
OLLAMA-AGENT-019,10.5 Ollama Executor Artifacts,The ollama-executor agent SHALL document artifact locations including artifacts/ staging and builds-isolated/ run-scoped outputs.,Interface,High,Inspection,Inspection,Agent documentation includes artifact locations section listing all output directories.,Review agent markdown for artifacts section with directory paths.,Agent markdown excerpt showing artifact location documentation.,Automation QA (Agent),CI Integration,Completed,2025-12-03,ADR-2025-022-ollama-executor-custom-agent.md; .github/agents/ollama-executor.agent.md,ADR-2025-022-ollama-executor-custom-agent.md; .github/agents/ollama-executor.agent.md,Run-Ollama-Host.ps1 artifact staging,Documents artifact locations for downstream consumption.,Enables users to locate and consume build outputs.,Risk: artifacts not found; mitigated by clear path documentation.,Assumes artifact paths follow run-key scoped pattern.,artifacts/ and builds-isolated/<runKey>/ are primary output roots.,1 | hash=agent-art-019 | Baseline 2025-12-03,Inspection: verify agent documents artifacts/ and builds-isolated/ locations.,System
OLLAMA-AGENT-020,10.5 Ollama Executor Artifacts,The ollama-executor agent SHALL document the handshake JSON artifact at artifacts/labview-icon-api-handshake.json.,Interface,High,Inspection,Inspection,Agent documentation includes handshake JSON artifact description with path and purpose.,Review agent markdown for handshake artifact documentation.,Agent markdown excerpt showing handshake artifact documentation.,Automation QA (Agent),CI Integration,Completed,2025-12-03,ADR-2025-022-ollama-executor-custom-agent.md; .github/agents/ollama-executor.agent.md,ADR-2025-022-ollama-executor-custom-agent.md; .github/agents/ollama-executor.agent.md,Run-Ollama-Host.ps1 handshake generation,Documents handshake JSON for downstream consumers.,Enables downstream workflows to consume build outputs with verification.,Risk: handshake missing breaks downstream flows; mitigated by documentation.,Assumes handshake JSON is generated on successful runs.,Handshake SHALL include zipRelPath and sha256 fields.,1 | hash=agent-hand-020 | Baseline 2025-12-03,Inspection: verify agent documents labview-icon-api-handshake.json artifact.,System
OLLAMA-AGENT-021,10.6 Ollama Executor Reference Documentation,The ollama-executor agent SHALL include reference links to ADR and testing documentation.,Interface,Medium,Inspection,Inspection,Agent documentation includes reference section with links to ADR-2025-017 and TESTING.md.,Review agent markdown for reference documentation links.,Agent markdown excerpt showing reference documentation links.,Automation QA (Agent),CI Integration,Completed,2025-12-03,ADR-2025-022-ollama-executor-custom-agent.md; .github/agents/ollama-executor.agent.md,ADR-2025-022-ollama-executor-custom-agent.md; .github/agents/ollama-executor.agent.md,docs/adr/ADR-2025-017-ollama-locked-executor.md; scripts/ollama-executor/TESTING.md,Documents reference materials for deeper understanding.,Enables users to understand design decisions and testing approach.,Risk: users lack context without reference links; mitigated by documentation.,Assumes ADR and TESTING.md documents exist and are current.,Reference paths SHALL be relative to repository root.,1 | hash=agent-ref-021 | Baseline 2025-12-03,Inspection: verify agent includes ADR and testing documentation references.,System
OLLAMA-AGENT-022,10.7 Interactive Real LabVIEW Build,"The ollama-executor agent SHALL document the capability to prompt users for LabVIEW version (e.g., 2021, 2023, 2024, 2025) and bitness (32 or 64) before initiating a real build.",Functional/Performance,High,Inspection,Inspection,Agent documentation includes interactive build section with prompting guidance for version and bitness selection.,Review agent markdown for interactive build section showing user prompting workflow.,Agent markdown excerpt showing version/bitness prompting guidance.,Automation QA (Agent),CI Integration,Completed,2025-12-03,ADR-2025-022-ollama-executor-custom-agent.md; .github/agents/ollama-executor.agent.md,ADR-2025-022-ollama-executor-custom-agent.md; .github/agents/ollama-executor.agent.md,scripts/labview/vipb-bump-worktree.ps1,Documents interactive workflow for real LabVIEW builds.,Enables agent to collect user preferences before modifying build configuration.,Risk: wrong version/bitness selected; mitigated by explicit user confirmation.,Assumes user knows which LabVIEW versions are installed on the runner.,Supported versions: 2021-2025; bitness: 32 or 64.,1 | hash=agent-prompt-022 | Baseline 2025-12-03,Inspection: verify agent documents user prompting for version and bitness.,System
OLLAMA-AGENT-023,10.7 Interactive Real LabVIEW Build,"The ollama-executor agent SHALL document the capability to modify the VIPB file to target a specific LabVIEW version and bitness using vipb-bump-worktree.ps1 or ModifyVIPBDisplayInfo.ps1.",Functional/Performance,High,Inspection,Inspection,Agent documentation includes VIPB modification commands with version and bitness parameters.,Review agent markdown for VIPB modification section showing script usage.,Agent markdown excerpt showing VIPB modification commands.,Automation QA (Agent),CI Integration,Completed,2025-12-03,ADR-2025-022-ollama-executor-custom-agent.md; .github/agents/ollama-executor.agent.md,ADR-2025-022-ollama-executor-custom-agent.md; .github/agents/ollama-executor.agent.md,scripts/labview/vipb-bump-worktree.ps1; scripts/modify-vipb-display-info/ModifyVIPBDisplayInfo.ps1,Documents VIPB modification for targeting specific LabVIEW configurations.,Enables agent to configure builds for user-specified LabVIEW targets.,Risk: VIPB corruption; mitigated by backup creation in scripts.,Assumes VIPB file exists at Tooling/deployment/seed.vipb.,VIPB SHALL be valid XML; backup created before modification.,1 | hash=agent-vipb-023 | Baseline 2025-12-03,Inspection: verify agent documents VIPB modification scripts.,System
OLLAMA-AGENT-024,10.7 Interactive Real LabVIEW Build,"The ollama-executor agent SHALL document the capability to trigger a real LabVIEW source distribution build after VIPB modification using Build_Source_Distribution.ps1.",Functional/Performance,High,Inspection,Inspection,Agent documentation includes source distribution build command with version and bitness parameters following VIPB modification.,Review agent markdown for build triggering section showing Build_Source_Distribution.ps1 usage.,Agent markdown excerpt showing build command after VIPB modification.,Automation QA (Agent),CI Integration,Completed,2025-12-03,ADR-2025-022-ollama-executor-custom-agent.md; .github/agents/ollama-executor.agent.md,ADR-2025-022-ollama-executor-custom-agent.md; .github/agents/ollama-executor.agent.md,scripts/build-source-distribution/Build_Source_Distribution.ps1,Documents build triggering after VIPB configuration.,Enables agent to complete the build workflow end-to-end.,Risk: build fails if LabVIEW not installed; mitigated by prerequisite documentation.,Assumes Windows runner with matching LabVIEW version installed.,LabVIEW SHALL be installed and licensed on the build machine.,1 | hash=agent-build-024 | Baseline 2025-12-03,Inspection: verify agent documents Build_Source_Distribution.ps1 triggering.,System
OLLAMA-AGENT-025,10.7 Interactive Real LabVIEW Build,The ollama-executor agent SHALL document prerequisites for real LabVIEW builds including Windows runner and LabVIEW installation requirements.,Process,High,Inspection,Inspection,Agent documentation includes important notes section listing Windows and LabVIEW installation requirements for real builds.,Review agent markdown for real build prerequisites section.,Agent markdown excerpt showing real build prerequisites.,Automation QA (Agent),CI Integration,Completed,2025-12-03,ADR-2025-022-ollama-executor-custom-agent.md; .github/agents/ollama-executor.agent.md,ADR-2025-022-ollama-executor-custom-agent.md; .github/agents/ollama-executor.agent.md,LabVIEW installation requirements,Documents prerequisites to prevent build failures on unsupported configurations.,Prevents users from attempting real builds on incompatible systems.,Risk: users attempt builds without prerequisites; mitigated by clear documentation.,Assumes documentation clearly states Windows and LabVIEW requirements.,Real builds cannot run on Linux/macOS or without LabVIEW.,1 | hash=agent-reqs-025 | Baseline 2025-12-03,Inspection: verify agent documents real build prerequisites.,System
OLLAMA-AGENT-026,10.8 Simulation Mode Evidence,"The ollama-executor agent SHALL be validated in simulation mode demonstrating end-to-end build workflow execution without real LabVIEW, producing stub artifacts and exit code 0.",Functional/Performance,High,Test,Test,"Simulation mode test completes with exit code 0; stub artifacts are created when OLLAMA_SIM_CREATE_ARTIFACTS=true; log output shows [SIMULATION MODE ACTIVE] marker.",Run Test-SimulationMode.ps1 with OLLAMA_EXECUTOR_MODE=sim and verify all tests pass with artifacts created.,Test output showing simulation mode execution with artifact creation and exit code 0.,Automation QA (Agent),CI Integration,Completed,2025-12-03,scripts/ollama-executor/Test-SimulationMode.ps1,ADR-2025-022-ollama-executor-custom-agent.md; .github/agents/ollama-executor.agent.md,Drive-Ollama-Executor.ps1 simulation mode,Validates agent can drive builds in simulation mode for CI/testing.,Enables testing of build workflow without LabVIEW installation.,Risk: simulation mode diverges from real behavior; mitigated by parallel testing.,Assumes Test-SimulationMode.ps1 covers key simulation scenarios.,Simulation mode SHALL NOT invoke real LabVIEW processes.,1 | hash=agent-sim-026 | Baseline 2025-12-03,Test: run Test-SimulationMode.ps1 and verify all tests pass.,System
OLLAMA-AGENT-027,10.8 Simulation Mode Evidence,The ollama-executor simulation mode SHALL create stub artifacts under builds/source-distribution/ when OLLAMA_SIM_CREATE_ARTIFACTS=true.,Interface,Medium,Test,Test,"Stub artifact zip file exists at builds/source-distribution/LabVIEW_Icon_Editor_SourceDist_LV<version>_<bitness>bit.zip with size > 0 bytes.",Run Build_Source_Distribution.ps1 with OLLAMA_EXECUTOR_MODE=sim and OLLAMA_SIM_CREATE_ARTIFACTS=true; verify artifact exists.,Artifact path and size from test output.,Automation QA (Agent),CI Integration,Completed,2025-12-03,scripts/ollama-executor/Test-SimulationMode.ps1,ADR-2025-022-ollama-executor-custom-agent.md; .github/agents/ollama-executor.agent.md,builds/source-distribution/ artifact staging,Validates simulation mode creates expected artifacts for downstream testing.,Enables verification of artifact handling in CI without real builds.,Risk: stub artifacts have wrong format; mitigated by format validation.,Assumes builds/source-distribution/ directory is created by simulation.,Stub artifacts SHALL match naming convention for real artifacts.,1 | hash=agent-stub-027 | Baseline 2025-12-03,Test: verify stub artifact creation in simulation mode.,System
OLLAMA-AGENT-028,10.8 Simulation Mode Evidence,"The ollama-executor simulation mode SHALL support simulated failure testing via OLLAMA_SIM_FAIL=true with configurable exit code via OLLAMA_SIM_EXIT.",Functional/Performance,Medium,Test,Test,"When OLLAMA_SIM_FAIL=true, executor exits with code specified in OLLAMA_SIM_EXIT (default 1); stderr contains [SIMULATION MODE] Simulated Failure message.",Run Build_Source_Distribution.ps1 with OLLAMA_SIM_FAIL=true and OLLAMA_SIM_EXIT=42; verify exit code 42.,Test output showing exit code 42 and simulated failure message.,Automation QA (Agent),CI Integration,Completed,2025-12-03,scripts/ollama-executor/Test-SimulationMode.ps1,ADR-2025-022-ollama-executor-custom-agent.md; .github/agents/ollama-executor.agent.md,Drive-Ollama-Executor.ps1 simulation mode,Validates simulation mode can test failure handling paths.,Enables testing of error handling without real failures.,Risk: false confidence if failure simulation incomplete; mitigated by exit code verification.,Assumes OLLAMA_SIM_FAIL and OLLAMA_SIM_EXIT are honored by executor.,Simulated failures SHALL NOT leave partial state.,1 | hash=agent-fail-028 | Baseline 2025-12-03,Test: verify simulated failure with custom exit code.,System
OLLAMA-AGENT-029,10.8 Simulation Mode Evidence,"The ollama-executor simulation mode SHALL support cross-platform testing for multiple LabVIEW version/bitness combinations (LV2021-32, LV2021-64, LV2025-32, LV2025-64).",Functional/Performance,Medium,Test,Test,"Simulation runs complete for all four version/bitness combinations with execution time < 200ms each and exit code 0.",Run Test-SimulationMode.ps1 cross-platform test section; verify all four combinations complete successfully.,Test output showing all four combinations with timing and exit codes.,Automation QA (Agent),CI Integration,Completed,2025-12-03,scripts/ollama-executor/Test-SimulationMode.ps1,ADR-2025-022-ollama-executor-custom-agent.md; .github/agents/ollama-executor.agent.md,Build_Source_Distribution.ps1 simulation mode,Validates simulation mode works for all supported LabVIEW configurations.,Enables matrix testing of version/bitness combinations in CI.,Risk: some combinations not tested; mitigated by explicit matrix in test.,Assumes simulation mode accepts all valid version/bitness values.,Supported versions: 2021-2025; bitness: 32 or 64.,1 | hash=agent-matrix-029 | Baseline 2025-12-03,Test: verify cross-platform simulation for all version/bitness combinations.,System
OLLAMA-AGENT-030,10.9 Seed Docker Integration,"The ollama-executor agent SHALL document the capability to use the Seed Docker container (ghcr.io/labview-community-ci-cd/seed:latest) for VIPB modification.",Functional/Performance,High,Inspection,Inspection,Agent documentation includes Seed Docker container usage for VIPB modification with vipb2json and json2vipb commands.,Review agent markdown for Seed Docker section showing container commands.,Agent markdown excerpt showing Seed Docker commands for VIPB modification.,Automation QA (Agent),CI Integration,Completed,2025-12-03,ADR-2025-022-ollama-executor-custom-agent.md; .github/agents/ollama-executor.agent.md,ADR-2025-022-ollama-executor-custom-agent.md; .github/agents/ollama-executor.agent.md,Tooling/seed/Dockerfile; ghcr.io/labview-community-ci-cd/seed:latest,Documents Seed Docker container for cross-platform VIPB modification.,Enables VIPB modification on any platform without LabVIEW installation.,Risk: Docker image unavailable; mitigated by local build instructions.,Assumes Docker is installed and accessible.,Seed container runs on Linux; host volume mounting required.,1 | hash=agent-seed-030 | Baseline 2025-12-03,Inspection: verify agent documents Seed Docker container usage.,System
OLLAMA-AGENT-031,10.9 Seed Docker Integration,"The ollama-executor agent SHALL document the vipb2json CLI tool from Seed container for converting VIPB to JSON format.",Interface,High,Inspection,Inspection,Agent documentation includes vipb2json command syntax with --input and --output parameters.,Review agent markdown for vipb2json command usage.,Agent markdown excerpt showing vipb2json command.,Automation QA (Agent),CI Integration,Completed,2025-12-03,ADR-2025-022-ollama-executor-custom-agent.md; .github/agents/ollama-executor.agent.md,ADR-2025-022-ollama-executor-custom-agent.md; .github/agents/ollama-executor.agent.md,Tooling/seed/Dockerfile entrypoint scripts,Documents vipb2json tool for VIPB to JSON conversion.,Enables programmatic VIPB modification via JSON editing.,Risk: malformed JSON breaks conversion; mitigated by tool validation.,Assumes VIPB file is valid XML format.,Output JSON is human-readable for editing.,1 | hash=agent-v2j-031 | Baseline 2025-12-03,Inspection: verify agent documents vipb2json command.,System
OLLAMA-AGENT-032,10.9 Seed Docker Integration,"The ollama-executor agent SHALL document the json2vipb CLI tool from Seed container for converting JSON back to VIPB format.",Interface,High,Inspection,Inspection,Agent documentation includes json2vipb command syntax with --input and --output parameters.,Review agent markdown for json2vipb command usage.,Agent markdown excerpt showing json2vipb command.,Automation QA (Agent),CI Integration,Completed,2025-12-03,ADR-2025-022-ollama-executor-custom-agent.md; .github/agents/ollama-executor.agent.md,ADR-2025-022-ollama-executor-custom-agent.md; .github/agents/ollama-executor.agent.md,Tooling/seed/Dockerfile entrypoint scripts,Documents json2vipb tool for JSON to VIPB conversion.,Enables programmatic VIPB reconstruction after JSON editing.,Risk: schema changes break compatibility; mitigated by version pinning.,Assumes JSON was produced by vipb2json or follows same schema.,Output VIPB is valid for VIPM consumption.,1 | hash=agent-j2v-032 | Baseline 2025-12-03,Inspection: verify agent documents json2vipb command.,System
OLLAMA-AGENT-033,10.9 Seed Docker Integration,"The ollama-executor agent SHALL document the full list of Seed CLI tools (vipb2json, json2vipb, lvproj2json, json2lvproj, buildspec2json, json2buildspec).",Interface,Medium,Inspection,Inspection,Agent documentation includes reference section listing all six Seed CLI tools with their purposes.,Review agent markdown for Seed Docker container reference section.,Agent markdown excerpt showing all Seed CLI tools.,Automation QA (Agent),CI Integration,Completed,2025-12-03,ADR-2025-022-ollama-executor-custom-agent.md; .github/agents/ollama-executor.agent.md,ADR-2025-022-ollama-executor-custom-agent.md; .github/agents/ollama-executor.agent.md,Tooling/seed/README.md,Documents complete Seed toolchain for various conversion needs.,Enables users to discover all available conversion tools.,Risk: incomplete tool list; mitigated by inspection of Dockerfile.,Assumes all tools are included in the Docker image.,Tools follow consistent --input/--output flag pattern.,1 | hash=agent-tools-033 | Baseline 2025-12-03,Inspection: verify agent documents all six Seed CLI tools.,System
OLLAMA-AGENT-034,10.9 Seed Docker Integration,"The ollama-executor agent SHALL document how to build the Seed Docker image locally from Tooling/seed/Dockerfile.",Process,Medium,Inspection,Inspection,Agent documentation includes docker build command for local Seed image creation.,Review agent markdown for Seed image build instructions.,Agent markdown excerpt showing docker build command.,Automation QA (Agent),CI Integration,Completed,2025-12-03,ADR-2025-022-ollama-executor-custom-agent.md; .github/agents/ollama-executor.agent.md,ADR-2025-022-ollama-executor-custom-agent.md; .github/agents/ollama-executor.agent.md,Tooling/seed/Dockerfile,Documents local build option when registry image unavailable.,Enables offline or customized Seed image usage.,Risk: build fails due to missing dependencies; mitigated by Dockerfile.,Assumes .NET 8.0 SDK available in build stage.,Build context SHALL be repository root.,1 | hash=agent-build-034 | Baseline 2025-12-03,Inspection: verify agent documents local Seed image build.,System
OLLAMA-AGENT-035,10.9 Seed Docker Integration,"The ollama-executor agent SHALL document that VIPB modification via Seed Docker can be done on any platform (Windows/macOS/Linux) while actual LabVIEW builds require Windows.",Process,High,Inspection,Inspection,Agent documentation includes note about cross-platform VIPB modification and Windows-only build requirement.,Review agent markdown for platform requirements section.,Agent markdown excerpt showing platform requirements.,Automation QA (Agent),CI Integration,Completed,2025-12-03,ADR-2025-022-ollama-executor-custom-agent.md; .github/agents/ollama-executor.agent.md,ADR-2025-022-ollama-executor-custom-agent.md; .github/agents/ollama-executor.agent.md,Tooling/seed/Dockerfile; scripts/build-source-distribution/Build_Source_Distribution.ps1,Documents platform requirements for different workflow stages.,Clarifies which operations can be done cross-platform.,Risk: users attempt builds on wrong platform; mitigated by clear documentation.,Assumes Docker runs on all major platforms.,LabVIEW builds require Windows with LabVIEW installed.,1 | hash=agent-plat-035 | Baseline 2025-12-03,Inspection: verify agent documents platform requirements.,System
